<set xmlns:noNamespaceSchemaLocation="CardSet.xsd" name="Alpha Trion Protocols - Set 1" id="0f4e6d7b-9e94-428c-b7cb-0aa54c0c4f3c" gameId="f44befce-4d6d-4fb9-a286-9585f36aece9" gameVersion="0.0.0.1" version="0.0.0.1">
<cards>
<card id="ece9d083-8f2b-49f2-a96e-0bc43f01d7a2" name="Anti-Air Battery" size="Small">
<property name="Card Number" value="S01" />
<property name="Type" value="Stratagem" />
<property name="HP" value="+3" />
<property name="Stars" value="2" />
<property name="Faction" value="Decepticon" />
<property name="Text" value="If your Demolisher, Devoted Decepticon would take non-attack damage from an opponent's card and is upgraded with an Armor -> Instead he takes that much damage minus 1." />
<property name="Rarity" value="Rare" />
<property name="Draft Type" value="Stratagem" />
</card>
<card id="01942d3f-076e-41e4-a06c-b8c4a7f7911a" name="Heed the Call" size="Small">
<property name="Card Number" value="S02" />
<property name="Type" value="Stratagem" />
<property name="Stars" value="0" />
<property name="Faction" value="Autobot" />
<property name="Text" value="While there are no untapped enemy characters -> Each of your non-Titan characters has Pierce 3. When your Metroplex, Autobot City defends and you flip at least [W][O][U] -> Repair 1 damage from him. He can't take more attack damage this battle than the number of Stars the attacker has." />
<property name="Rarity" value="Rare" />
<property name="Draft Type" value="Stratagem" />
</card>
<card id="24e6a127-1784-4876-a99e-a321362dd6c8" name="Here's the Thing" size="Small">
<property name="Card Number" value="S03" />
<property name="Type" value="Stratagem" />
<property name="ATK" value="+1" />
<property name="DEF" value="+2" />
<property name="Stars" value="1" />
<property name="Faction" value="Autobot" />
<property name="Text" value="When one of your characters defends and you have Autobot Jazz, Special Ops on the battlefield -> Any [B] battle icons flipped this battle become [W] battle icons instead." />
<property name="Rarity" value="Rare" />
<property name="Draft Type" value="Stratagem" />
</card>
<card id="a48f9bd5-7fa9-44e6-91ab-b3e9b999233e" name="I Don't Believe in Destiny" size="Small">
<property name="Card Number" value="S04" />
<property name="Type" value="Stratagem" />
<property name="ATK" value="+1" />
<property name="DEF" value="+1" />
<property name="HP" value="+1" />
<property name="Stars" value="1" />
<property name="Faction" value="Autobot" />
<property name="Text" value="Your Autobots' Armors and Utilities can't be scrapped by your opponent's cards while you have Jetfire, Air Guardian on the battlefield. At the end of your turn -> You may move an Upgrade from your Jetfire, Air Guardian to one of your other characters. " />
<property name="Rarity" value="Rare" />
<property name="Draft Type" value="Stratagem" />
</card>
<card id="99c3d787-754a-4ef1-889a-f67f1da77c9d" name="It Works!" size="Small">
<property name="Card Number" value="S05" />
<property name="Type" value="Stratagem" />
<property name="Stars" value="1" />
<property name="Faction" value="Autobot" />
<property name="Text" value="When your Wheeljack, Weapons Inventor attacks while upgraded with a Utility -> Flip him to another mode after this battle. If you began the game with only Autobots -> This gains '[TAP] -> Draw 2 cards. Then scrap 2 cards from your hand. You may play an Armor or Utility. Flip this.' " />
<property name="Rarity" value="Rare" />
<property name="Draft Type" value="Stratagem" />
</card>
<card id="f8301450-8212-4618-b9d6-80c9d4506fcb" name="It Works! (Flipped)" size="Small">
<property name="Card Number" value="S05a" />
<property name="Type" value="Stratagem" />
<property name="Stars" value="1" />
<property name="Faction" value="Autobot" />
<property name="Text" value="When your Wheeljack, Weapons Inventor attacks while upgraded with a Utility -> Flip him to another mode after this battle. "/>
<property name="Rarity" value="Rare" />
<property name="Draft Type" value="Stratagem" />
</card>
<card id="6b240366-21fe-4dfe-bd4a-d1c3d3d114a9" name="Protection" size="Small">
<property name="Card Number" value="S06" />
<property name="Type" value="Stratagem" />
<property name="HP" value="+4" />
<property name="Stars" value="1" />
<property name="Faction" value="Autobot" />
<property name="Text" value="While your Inferno, Fearless Fighter is in bot mode -> He has Brave. When your Inferno, Fearless Fighter defends in bot mode and you flip at least [W][U] -> Flip him to alt mode. " />
<property name="Rarity" value="Rare" />
<property name="Draft Type" value="Stratagem" />
</card>
<card id="af735cd7-0424-4fe9-8cae-45e3008de4b5" name="Rally" size="Small">
<property name="Card Number" value="S07" />
<property name="Type" value="Stratagem" />
<property name="ATK" value="+1" />
<property name="DEF" value="+1" />
<property name="HP" value="+1" />
<property name="Stars" value="1" />
<property name="Faction" value="Autobot" />
<property name="Text" value="When your Bumblebee, Legendary Warrior is tapped and takes attack damage -> Repair 3 damage from him and untap him. Flip this. " />
<property name="Rarity" value="Rare" />
<property name="Draft Type" value="Stratagem" />
</card>
<card id="40a9b73f-1022-46e6-8846-f18eec5944ea" name="Rally (Flipped)" size="Small">
<property name="Card Number" value="S07a" />
<property name="Type" value="Stratagem" />
<property name="ATK" value="+1" />
<property name="DEF" value="+1" />
<property name="HP" value="+1" />
<property name="Stars" value="1" />
<property name="Faction" value="Autobot" />
<property name="Text" value="" />
<property name="Rarity" value="Rare" />
<property name="Draft Type" value="Stratagem" />
</card>
<card id="d0f89435-2830-4a7b-80b5-304ea0e5250d" name="Rampage" size="Small">
<property name="Card Number" value="S08" />
<property name="Type" value="Stratagem" />
<property name="Stars" value="1" />
<property name="Faction" value="Autobot" />
<property name="Text" value="When you flip Dino-Chomp! while one of your Dinobots is attacking -> It gets +1 ATK until end of turn. When you flip either Jaws of Steel or Electrified Spikes while one of your Dinobots is defending -> It gets +1 DEF until end of turn. " />
<property name="Rarity" value="Rare" />
<property name="Draft Type" value="Stratagem" />
</card>
<card id="6dca576e-4289-4ea5-9cfb-b7fa75b8f9ad" name="Straxus Lives!" size="Small">
<property name="Card Number" value="S10" />
<property name="Type" value="Stratagem" />
<property name="HP" value="+4" />
<property name="Stars" value="1" />
<property name="Faction" value="Decepticon" />
<property name="Text" value="Your Darkmount, Cruel Overlord is a Leader in both modes. When you put an Armor on your Darkmount, Cruel Overlord -> Repair 1 damage from him. " />
<property name="Rarity" value="Rare" />
<property name="Draft Type" value="Stratagem" />
</card>
<card id="cc58854a-e017-40dc-af80-20331cf36178" name="Such Heroic Nonsense" size="Small">
<property name="Card Number" value="S10" />
<property name="Type" value="Stratagem" />
<property name="Stars" value="1" />
<property name="Faction" value="Decepticon" />
<property name="Text" value="Weapons on your Megatron, Living Weapon can't be scrapped by your opponent's cards. " />
<property name="Rarity" value="Rare" />
<property name="Draft Type" value="Stratagem" />
</card>
<card id="6f80778e-c4aa-402e-9661-696a2ddf2f8e" name="We Fix!" size="Small">
<property name="Card Number" value="S11" />
<property name="Type" value="Stratagem" />
<property name="Stars" value="1" />
<property name="Faction" value="Autobot" />
<property name="Text" value="Your starting Star limit increases by 1 if you have only Dinobots on your starting team. Your Dinobots have +2 HP. When one of your Dinobots takes non-attack damage during your opponent's turn and you have Dinobot Sludge, Mighty Stomper on the battlefield -> Repair 1 from it. " />
<property name="Rarity" value="Rare" />
<property name="Draft Type" value="Stratagem" />
</card>
</cards>
</set>
